,Country,Region,Region Code,Education,Jobs,Income,Safety,Health,Environment,Civic engagement,Accessiblity to services,Housing,Community,Life satisfaction
0,Australia,New South Wales,AU1,8,8.1,6.8,8.8,9.0,9.8,10.0,7.2,7.2,8.9,7.8
1,Australia,Victoria,AU2,8.1,7.9,5.9,9.5,9.5,8.6,10.0,7.5,7.8,9.3,8.5
2,Australia,Queensland,AU3,7.8,8.1,6.3,9.5,8.3,9.9,10.0,7.7,8.3,8.6,8.1
3,Australia,South Australia,AU4,7.3,7.8,6.1,9.0,8.5,9.4,10.0,7.2,8.3,8.6,8.5
4,Australia,Western Australia,AU5,7.6,8.8,7.9,8.6,9.3,9.6,10.0,7.8,8.9,8.5,7.8
5,Australia,Tasmania,AU6,6.5,7.6,5.4,8.8,5.4,10.0,10.0,6.8,8.3,8.6,9.6
6,Australia,Northern Territory,AU7,8.1,8.7,8.2,0.0,2.4,9.2,8.4,7.8,5.6,10,7
7,Australia,Australian Capital Territory,AU8,9.5,9.3,10.0,10.0,9.3,9.1,10.0,8.7,8.3,9.8,9.6
8,Austria,Burgenland,AT11,8.8,7.8,5.7,9.7,6.7,3.5,8.6,8.0,6.1,8.3,7.8
9,Austria,Lower Austria,AT12,8.5,8.2,5.9,9.8,6.6,2.6,8.1,7.4,5.6,7.8,8.1
10,Austria,Vienna,AT13,8.8,5.8,5.5,9.0,5.7,2.5,5.5,8.4,4.4,7.6,7.8
11,Austria,Carinthia,AT21,9.1,7.5,5.4,10.0,7.6,0.3,6.2,7.0,5.6,8.5,8.1
12,Austria,Styria,AT22,8.8,8.0,5.5,10.0,7.7,4.3,6.7,7.7,5.6,8.7,8.5
13,Austria,Upper Austria,AT31,8.1,8.8,5.7,10.0,7.2,3.7,7.4,7.8,5.6,8.9,8.5
14,Austria,Salzburg,AT32,8.7,8.7,5.8,9.8,8.1,3.5,6.7,8.6,5,8.6,8.1
15,Austria,Tyrol,AT33,8.2,8.9,5.5,9.1,8.5,5.8,4.8,7.8,4.4,9.7,8.9
16,Austria,Vorarlberg,AT34,8.1,8.9,5.9,10.0,8.3,3.2,4.5,8.1,5.6,8.2,7.4
17,Belgium,Brussels-Capital Region,BE1,6.8,2.2,4.2,6.0,6.3,2.4,10.0,7.7,6.7,7.4,6.3
18,Belgium,Flemish Region (Vlaams Gewest),BE2,8.1,7.3,5.0,8.3,7.7,2.0,10.0,8.7,7.8,9.1,7.8
19,Belgium,Wallonia (Région wallonne),BE3,7.4,4.3,4.2,7.4,4.5,3.0,9.7,7.5,7.8,7.4,6.3
20,Canada,Newfoundland and Labrador,CA10,8.8,4.7,5.5,9.8,5.1,9.3,3.5,8.0,10,8,10
21,Canada,Prince Edward Island,CA11,8.5,6.3,4.5,10.0,6.3,9.5,7.3,8.1,9.4,4.3,10
22,Canada,Nova Scotia,CA12,9,5.9,4.7,7.8,6.1,9.6,5.8,8.2,10,8.1,8.5
23,Canada,New Brunswick,CA13,8.7,5.7,4.7,9.5,6.8,9.2,6.6,7.7,10,8.6,8.1
24,Canada,Quebec,CA24,9,6.6,4.6,8.6,8.4,7.9,4.6,7.9,8.3,8.8,8.5
25,Canada,Ontario,CA35,9.4,6.8,5.3,8.8,8.4,6.5,5.1,8.6,8.3,8.1,8.1
26,Canada,Manitoba,CA46,8.7,7.5,4.8,3.6,5.9,6.9,5.2,8.2,7.8,9.5,9.3
27,Canada,Saskatchewan,CA47,8.9,8.3,5.8,6.2,5.5,6.5,6.0,8.1,9.4,7.1,8.5
28,Canada,Alberta,CA48,9.1,8.6,7.3,7.1,7.8,7.4,5.3,9.1,8.9,7.9,8.5
29,Canada,British Columbia,CA59,9.6,6.9,5.6,8.1,9.1,8.1,5.6,9.4,8.3,9.8,9.3
30,Canada,Yukon,CA60,..,8.4,7.4,10.0,2.9,9.4,6.9,8.2,8.3,..,..
31,Canada,Northwest Territories,CA61,..,7.0,7.4,0.0,4.2,9.7,4.2,8.0,5,..,..
32,Canada,Nunavut,CA62,..,3.1,5.5,0.0,0.0,10.0,3.6,5.8,2.2,..,..
33,Chile,Tarapacá,CL01,8.4,7.4,0.9,7.8,4.2,4.7,0.0,1.9,1.1,4.1,5.6
34,Chile,Antofagasta,CL02,9.1,6.3,1.4,6.2,3.6,2.6,0.0,4.2,1.1,6.3,7
35,Chile,Atacama,CL03,7.5,6.2,1.0,10.0,4.4,5.3,0.0,1.0,1.7,6.6,1.9
36,Chile,Coquimbo,CL04,7,6.6,0.6,6.4,5.0,8.9,0.3,0.0,1.7,7.4,6.3
37,Chile,Valparaíso,CL05,8.4,6.4,0.8,7.4,3.9,9.2,0.5,1.9,2.2,6.3,7.4
38,Chile,O'Higgins,CL06,6.2,7.2,0.7,4.1,3.7,7.7,1.3,0.0,1.7,3.8,4.8
39,Chile,Maule,CL07,5.3,6.6,0.5,4.5,3.3,7.6,1.7,0.0,1.7,1.1,5.6
40,Chile,Bío-Bío,CL08,6.9,5.3,0.6,7.1,3.3,9.1,1.2,0.0,1.7,4.1,4.8
41,Chile,Araucanía,CL09,6.3,7.2,0.6,5.7,3.1,9.3,0.3,0.0,1.7,4.5,4.8
42,Chile,Los Lagos,CL10,6.2,8.3,0.7,4.1,3.8,10.0,0.0,0.0,2.2,6.1,5.6
43,Chile,Aysén,CL11,6.2,8.8,1.4,1.2,1.5,10.0,0.0,0.0,1.7,0,10
44,Chile,Magallanes y Antártica,CL12,8.5,7.9,1.5,2.2,2.1,10.0,0.0,1.2,2.8,1.1,8.1
45,Chile,Santiago Metropolitan,CL13,8.3,6.6,1.5,4.8,4.3,7.7,0.7,3.6,1.7,5.8,6.3
46,Chile,Los Rios,CL14,6.2,6.7,0.6,5.5,2.7,9.5,0.7,0.0,..,6.4,2.6
47,Chile,Arica y Parinacota,CL15,8.2,4.3,0.7,5.2,4.7,6.9,0.0,3.5,..,6.7,4.8
48,Czech Republic,Prague,CZ01,10,9.3,3.5,7.2,5.4,0.8,4.1,9.1,2.2,7.6,6.3
49,Czech Republic,Central Bohemian Region,CZ02,10,8.1,2.8,7.9,2.7,2.1,3.5,7.5,2.8,2.7,4.1
50,Czech Republic,Southwest,CZ03,10,7.9,2.4,9.5,3.1,3.0,3.0,7.2,3.3,6,4.8
51,Czech Republic,Northwest,CZ04,9.3,6.4,2.1,7.4,0.8,2.3,1.1,6.2,2.8,7.7,4.4
52,Czech Republic,Northeast,CZ05,10,7.5,2.3,7.9,3.5,3.2,3.3,6.5,3.3,8,5.6
53,Czech Republic,Southeast,CZ06,10,7.6,2.5,7.2,4.2,2.0,3.5,7.7,2.8,7.3,5.2
54,Czech Republic,Central Moravia,CZ07,10,7.0,2.2,6.7,3.0,1.8,3.2,7.4,2.8,8.4,5.6
55,Czech Republic,Moravia-Silesia,CZ08,10,6.4,2.2,9.3,1.6,0.0,2.0,7.1,2.2,4.8,4.1
56,Denmark,Capital (DK),DK01,7.7,8.2,4.1,9.7,5.7,4.2,9.2,9.3,5,10,9.6
57,Denmark,Zealand,DK02,6.9,8.1,4.0,9.7,5.1,5.1,9.2,8.8,5,9,8.9
58,Denmark,Southern Denmark,DK03,6.7,7.8,3.9,9.7,6.2,6.3,9.2,8.3,5.6,9.5,8.9
59,Denmark,Central Jutland,DK04,7,8.1,3.9,9.3,6.6,7.1,9.5,8.8,5,10,9.3
60,Denmark,Northern Jutland,DK05,6.7,8.2,3.9,10.0,5.8,7.7,9.0,8.0,5.6,10,9.6
61,Estonia TL3,North Estonia,EE001,9.9,8.5,2.1,3.3,3.7,7.5,5.3,9.1,1.5,7.5,1.1
62,Estonia TL3,West Estonia,EE004,8.9,7.2,1.3,9.7,1.6,6.5,3.1,6.9,2.9,5.3,1.1
63,Estonia TL3,Central Estonia,EE006,8.3,7.2,1.6,5.3,0.7,7.1,3.4,6.7,2.6,7.8,2.2
64,Estonia TL3,Northeast Estonia,EE007,9.7,4.4,0.7,0.0,0.0,6.2,1.9,6.8,1.3,3.8,0.4
65,Estonia TL3,South Estonia,EE008,9.4,7.7,1.4,5.5,2.2,6.3,3.8,7.5,2.5,6.1,1.5
66,Finland,Western Finland,FI19,8.8,6.9,4.0,9.7,7.5,8.2,5.1,9.1,5.6,9,8.9
67,Finland,Helsinki-Uusimaa,FI1B,8.8,7.8,4.9,9.8,7.7,6.8,6.4,9.9,5,8.8,8.9
68,Finland,Southern Finland,FI1C,8.7,6.4,4.1,9.8,6.7,7.5,5.3,9.1,5.6,8.8,8.9
69,Finland,Eastern and Northern Finland,FI1D,9,6.1,3.8,9.3,6.4,8.6,4.0,8.8,5.6,8.8,8.9
70,Finland,Åland,FI20,7.4,9.8,5.0,10.0,8.3,8.8,2.1,5.7,7.2,..,..
71,France,Île-de-France,FR10,7.8,6.0,6.3,8.6,10.0,3.5,7.4,8.6,3.3,7.9,5.6
72,France,Champagne-Ardenne,FR21,7,5.0,4.7,9.7,7.4,3.8,7.8,7.4,5.6,5.4,5.2
73,France,Picardy,FR22,6.6,4.8,4.8,9.0,6.5,3.7,8.1,7.5,5,7.3,5.6
74,France,Upper Normandy,FR23,7.4,4.8,4.9,9.3,7.4,5.3,8.1,8.0,5,7.4,5.2
75,France,Centre (FR),FR24,7.3,5.8,5.1,9.7,8.7,5.2,8.3,7.2,5.6,7.3,5.2
76,France,Lower Normandy,FR25,7.7,6.4,4.9,10.0,8.3,5.5,8.6,5.8,5.6,8.2,5.2
77,France,Burgundy,FR26,7.8,5.5,5.0,9.1,8.2,5.2,8.2,6.4,5.6,8,5.9
78,France,Nord-Pas-de-Calais,FR30,7.9,3.8,4.3,8.3,5.6,2.9,7.5,7.8,5,8.5,5.9
79,France,Lorraine,FR41,8,4.8,4.6,9.3,7.6,4.4,7.8,7.1,5.6,7.5,5.2
80,France,Alsace,FR42,8.2,5.8,4.9,9.5,8.5,2.5,7.8,7.4,5,8.4,5.6
81,France,Franche-Comté,FR43,7.8,5.7,4.8,9.3,8.9,5.5,8.5,8.1,5.6,9.3,4.1
82,France,Pays de la Loire,FR51,8.3,6.4,4.8,9.3,9.4,6.3,8.9,7.7,5.6,8.2,6.3
83,France,Brittany,FR52,8.8,6.7,4.9,9.5,7.8,6.7,9.0,7.0,6.1,8.1,6.7
84,France,Poitou-Charentes,FR53,8.1,5.5,4.8,9.3,8.4,6.7,8.5,7.5,6.1,7.6,6.3
85,France,Aquitaine,FR61,8.4,6.0,4.9,9.5,9.3,6.5,8.6,7.0,5.6,8.4,7
86,France,Midi-Pyrénées,FR62,8.7,6.2,4.9,9.1,9.8,6.2,8.9,7.7,5.6,8.4,6.7
87,France,Limousin,FR63,8,6.2,4.9,9.7,8.3,7.2,8.9,6.8,6.1,8,4.8
88,France,Rhône-Alpes,FR71,8.3,6.3,5.1,8.8,10.0,4.4,8.4,7.4,5,9.3,6.3
89,France,Auvergne,FR72,7.9,6.3,5.0,9.7,8.1,6.1,8.7,6.8,6.1,9.1,5.6
90,France,Languedoc-Roussillon,FR81,7.5,4.4,4.5,9.0,8.9,6.2,8.5,8.1,5,8,5.6
91,France,Provence-Alpes-Côte d'Azur,FR82,7.7,5.9,5.0,6.9,9.4,5.2,8.0,7.2,3.9,7.4,5.9
92,France,Corsica,FR83,6.8,3.4,4.6,0.0,9.0,7.3,6.5,6.5,3.9,10,8.1
93,Germany,Baden-Württemberg,DE1,8.5,9.5,6.1,9.7,8.1,3.1,6.5,8.7,6.7,8.8,6.7
94,Germany,Bavaria,DE2,8.9,9.5,6.4,9.8,7.2,3.8,5.5,8.8,7.2,8.9,6.7
95,Germany,Berlin,DE3,8.7,6.8,4.7,8.8,6.7,3.1,6.1,9.1,6.1,9.1,4.8
96,Germany,Brandenburg,DE4,9.9,8.2,4.9,8.1,5.8,3.2,5.1,7.7,7.2,8,4.1
97,Germany,Bremen,DE5,8,7.4,5.5,8.3,5.3,3.9,5.2,9.0,7.2,8.8,6.7
98,Germany,Hamburg,DE6,8.6,8.8,6.1,9.1,6.7,3.7,5.4,9.6,6.1,9.3,7
99,Germany,Hesse,DE7,8.6,8.5,5.8,9.1,6.9,3.9,6.3,9.3,6.7,8,6.3
100,Germany,Mecklenburg-Vorpommern,DE8,9.7,6.8,4.5,9.8,5.4,5.5,4.4,7.7,7.8,8.8,5.2
101,Germany,Lower Saxony,DE9,8.6,8.5,5.4,9.1,5.9,3.9,6.3,9.3,7.8,8.6,6.7
102,Germany,North Rhine-Westphalia,DEA,8.3,7.8,5.6,9.7,5.9,3.2,6.1,9.1,6.7,8.9,6.3
103,Germany,Rhineland-Palatinate,DEB,8.4,8.7,6.0,9.7,6.4,3.8,6.2,9.0,7.8,8.9,6.3
104,Germany,Saarland,DEC,8.4,7.6,5.3,8.1,5.4,5.1,6.1,9.1,8.9,8.2,5.9
105,Germany,Saxony,DED,10,8.1,4.8,9.5,6.3,3.9,5.4,8.4,7.8,9.1,4.1
106,Germany,Saxony-Anhalt,DEE,9.9,7.3,4.6,9.0,4.9,4.3,3.6,8.6,8.3,9.3,3.7
107,Germany,Schleswig-Holstein,DEF,8.8,8.5,5.8,8.8,6.0,4.0,6.2,9.1,7.2,9.7,6.7
108,Germany,Thuringia,DEG,10,8.4,4.7,8.8,5.9,5.0,5.1,8.6,7.8,9.4,4.1
109,Greece,East Macedonia - Thrace,GR11,3.6,0.5,1.5,6.7,6.0,1.7,3.9,4.9,3.3,1.2,3
110,Greece,Central Macedonia,GR12,6.3,0.0,1.6,6.7,7.5,2.7,4.1,4.9,3.3,4.1,0.4
111,Greece,West Macedonia,GR13,5,0.0,1.6,6.7,7.6,4.5,5.0,4.9,3.3,3.5,0
112,Greece,Thessaly,GR14,5.7,0.5,1.4,6.7,8.0,3.3,3.5,4.9,3.3,3.9,0.7
113,Greece,Epirus,GR21,5.5,0.4,1.9,4.3,9.1,2.2,5.0,5.4,3.3,3.6,0
114,Greece,Ionian Islands,GR22,5,1.7,1.4,4.3,7.8,3.7,1.8,5.4,3.3,5.5,0
115,Greece,West Greece,GR23,5.1,0.0,1.3,4.3,7.0,4.6,5.4,5.4,3.3,5.4,3
116,Greece,Central Greece,GR24,5,0.3,2.0,4.3,8.5,2.7,2.2,5.4,3.3,2.4,0
117,Greece,Peloponnese,GR25,5,0.8,1.7,4.3,8.3,4.7,4.0,5.4,3.3,3.5,3
118,Greece,Attica,GR30,8.3,0.7,3.0,4.5,7.1,5.5,4.9,6.5,3.3,3.2,0.4
119,Greece,North Aegean,GR41,6.1,0.9,1.5,4.5,8.6,5.0,3.9,6.1,3.9,0,3.3
120,Greece,South Aegean,GR42,5.6,2.1,1.8,4.5,8.6,3.9,3.9,6.1,3.3,7.1,1.5
121,Greece,Crete,GR43,5.1,0.6,1.7,4.5,8.6,4.5,4.8,6.1,3.3,5.6,3
122,Hungary,Central Hungary,HU10,9.6,6.8,2.3,8.3,1.4,2.0,4.6,8.3,1.1,5.8,0
123,Hungary,Central Transdanubia,HU21,8.8,6.8,2.0,9.0,0.3,3.0,3.5,7.4,1.1,7.2,0.4
124,Hungary,Western Transdanubia,HU22,9,7.2,1.9,8.3,0.7,2.8,3.8,7.5,1.1,5.3,0.7
125,Hungary,Southern Transdanubia,HU23,8.5,5.4,1.7,7.1,0.1,3.3,2.9,7.0,1.7,7.8,0
126,Hungary,Northern Hungary,HU31,8.4,4.3,1.5,8.8,0.0,2.8,3.2,5.9,1.1,6.3,0
127,Hungary,Northern Great Plain,HU32,8.1,4.2,1.5,9.1,0.2,1.8,2.7,6.2,0.6,5.1,0
128,Hungary,Southern Great Plain,HU33,8.7,5.3,1.6,7.6,0.4,1.8,2.7,6.2,1.1,7.1,0
129,Iceland,Capital Region,IS01,7,9.4,3.7,10.0,8.1,9.5,7.8,9.9,3.9,10,7.4
130,Iceland,Other Regions,IS02,4.8,9.7,3.7,10.0,7.9,10.0,8.5,9.6,3.9,9.5,8.1
131,Ireland,"Border, Midland and Western",IE01,7.1,4.8,4.1,7.2,7.0,8.6,5.6,7.1,7.2,9.7,7.8
132,Ireland,Southern and Eastern,IE02,8,5.6,4.8,7.9,6.7,8.2,5.4,8.3,6.1,10,7
133,Israel,Jerusalem District,IL01,8.6,5.2,1.1,9.0,9.2,0.0,4.5,4.1,0,8.4,8.1
134,Israel,Northern District,IL02,8.2,6.0,1.0,8.3,7.2,0.0,3.4,5.3,0.6,3.7,7
135,Israel,Haifa District,IL03,9.1,7.8,1.9,8.3,8.0,0.5,3.0,6.1,2.2,5.4,8.1
136,Israel,Central District,IL04,9.4,9.1,2.3,8.4,9.3,1.1,5.1,7.6,1.7,7.5,8.5
137,Israel,Tel Aviv District,IL05,9.3,9.4,2.7,8.6,8.7,1.9,4.2,7.6,2.2,7.4,8.9
138,Israel,Southern District,IL06,9.2,6.9,1.3,7.4,6.9,0.0,2.8,7.0,1.7,7.8,8.5
139,Italy,Piedmont,ITC1,5.4,5.3,5.1,9.8,8.8,0.0,7.2,6.7,5,8.4,5.2
140,Italy,Aosta Valley,ITC2,4.5,6.4,5.4,10.0,9.3,1.3,7.2,6.2,4.4,3.7,6.3
141,Italy,Liguria,ITC3,5.7,5.3,5.0,10.0,8.6,3.9,6.7,6.2,6.1,9.1,3.3
142,Italy,Lombardy,ITC4,5.7,6.4,5.4,9.8,9.8,0.0,7.8,7.2,4.4,6.5,4.4
143,Italy,Abruzzo,ITF1,5.8,3.8,3.7,9.5,9.1,6.1,6.9,6.4,5,8,3.7
144,Italy,Molise,ITF2,5.3,2.4,3.6,10.0,9.0,5.1,7.4,6.1,5,3.4,1.9
145,Italy,Campania,ITF3,4.6,0.6,2.8,8.6,6.9,4.4,5.0,5.7,3.3,5.6,1.9
146,Italy,Apulia,ITF4,4.2,0.6,3.1,9.0,9.4,5.6,5.5,5.9,3.9,5.4,3
147,Italy,Basilicata,ITF5,5.4,2.3,3.2,10.0,9.1,6.4,5.4,5.2,3.9,7.5,4.8
148,Italy,Calabria,ITF6,5,0.2,2.9,6.7,8.7,5.3,3.9,5.2,4.4,5.3,1.1
149,Italy,Sicily,ITG1,4.4,0.5,2.8,0.0,7.9,6.0,4.2,5.4,4.4,5.8,3
150,Italy,Sardinia,ITG2,3.5,1.6,3.5,9.0,9.2,7.1,5.1,7.2,5,8.3,4.1
151,Italy,Province of Bolzano-Bozen,ITH1,6.1,8.2,5.7,10.0,10.0,2.1,8.4,7.8,3.9,8.5,5.9
152,Italy,Province of Trento,ITH2,6.8,6.9,4.9,9.5,9.9,3.6,7.9,7.5,4.4,8.5,5.9
153,Italy,Veneto,ITH3,5.8,6.5,4.9,10.0,9.7,0.0,8.3,7.0,5,6.8,4.4
154,Italy,Friuli-Venezia Giulia,ITH4,6.1,6.3,5.2,9.7,8.8,0.0,7.2,7.5,6.1,8.4,5.2
155,Italy,Emilia–Romagna,ITH5,5.9,6.7,5.4,9.8,9.7,2.3,8.4,7.5,5,6.3,4.4
156,Italy,Tuscany,ITI1,5.2,5.9,4.7,9.7,9.6,5.2,7.7,7.1,5.6,7.3,3.7
157,Italy,Umbria,ITI2,6.4,5.1,4.5,9.3,9.5,5.7,7.8,6.7,5,3.7,3.7
158,Italy,Marche,ITI3,5.7,5.6,4.6,10.0,9.8,6.7,7.8,7.1,5,6.1,3.3
159,Italy,Lazio,ITI4,6.9,4.4,4.9,9.3,9.0,5.9,7.3,7.0,4.4,8.2,3.7
160,Japan,Hokkaido,JPA,8.8,9.1,4.1,9.8,9.6,6.6,2.3,5.2,5.6,6.3,3.3
161,Japan,Tohoku,JPB,8.7,9.9,4.0,10.0,9.4,5.6,1.4,5.4,6.1,6.7,2.2
162,Japan,"Northern-Kanto, Koshin",JPC,9,9.9,4.6,9.7,9.7,4.4,1.7,6.2,5.6,8.5,3.7
163,Japan,Southern-Kanto,JPD,9.6,9.7,5.3,9.3,9.8,2.5,1.5,8.3,5,7,3.7
164,Japan,Hokuriku,JPE,8.9,10.0,4.4,9.8,9.9,4.0,0.9,6.4,8.3,6.5,3.3
165,Japan,Toukai,JPF,8.8,10.0,4.8,9.8,9.8,4.0,1.8,7.1,6.1,7.5,3.7
166,Japan,Kansai region,JPG,9.3,9.2,4.5,8.8,9.6,4.6,1.1,8.1,7.8,7.8,3.3
167,Japan,Chugoku,JPH,9.3,10.0,4.3,9.7,9.9,4.7,1.2,5.9,7.8,7,2.6
168,Japan,Shikoku,JPI,8.9,9.9,3.9,9.3,9.7,4.1,0.7,4.9,6.7,6.8,2.6
169,Japan,"Kyushu, Okinawa",JPJ,9,9.4,3.9,9.5,9.8,3.1,1.0,5.1,6.1,7.4,3
170,Korea,Capital Region (KR),KR01,8.9,7.8,3.9,8.6,9.3,0.0,6.7,10.0,2.2,3,3.3
171,Korea,Gyeongnam Region,KR02,8,7.8,3.7,7.8,7.6,2.8,7.2,10.0,2.8,2.5,3.3
172,Korea,Gyeonbuk Region,KR03,7.2,8.5,3.4,8.4,8.0,0.0,7.4,10.0,3.3,0.3,2.2
173,Korea,Jeolla Region,KR04,6.8,8.6,3.2,8.6,8.1,0.0,7.1,10.0,3.3,1.7,3
174,Korea,Chungcheong Region,KR05,7.5,8.5,3.4,7.9,8.7,0.0,6.4,10.0,2.8,2.7,3.7
175,Korea,Gangwon Region,KR06,6.5,8.0,3.1,8.3,7.6,0.0,7.1,10.0,2.8,1.4,2.2
176,Korea,Jeju,KR07,7.8,9.5,3.5,1.7,9.7,3.1,6.3,10.0,2.8,2,2.6
177,Luxembourg,Luxembourg,LU00,8.1,6.7,7.1,9.5,8.1,5.1,10.0,9.9,6.1,6.2,6.7
178,Mexico,Aguascalientes,ME01,1.6,6.4,0.2,4.1,1.4,5.7,3.3,1.9,0.6,0,7
179,Mexico,Baja California Norte,ME02,1.6,6.7,0.4,0.0,0.9,8.2,1.6,3.8,1.1,3.2,6.3
180,Mexico,Baja California Sur,ME03,2.2,7.6,0.4,0.0,1.6,8.2,2.8,2.7,0.6,6.9,10
181,Mexico,Campeche,ME04,1.2,7.5,0.2,0.0,2.1,9.0,4.9,0.3,0,2.9,10
182,Mexico,Coahuila,ME05,1.9,7.0,0.3,0.0,0.8,6.1,3.6,1.4,1.1,0,5.6
183,Mexico,Colima,ME06,1.5,8.0,0.3,0.0,0.8,6.3,4.1,2.9,0.6,4.6,6.3
184,Mexico,Chiapas,ME07,0,6.3,0.0,0.0,0.9,7.6,4.9,0.0,0,1,5.6
185,Mexico,Chihuahua,ME08,0.9,7.1,0.1,0.0,0.0,8.1,1.5,2.6,1.1,7.5,7.4
186,Mexico,Federal District (MX),ME09,4.1,6.7,0.8,0.0,0.6,2.9,4.8,4.1,1.7,5.8,8.9
187,Mexico,Durango,ME10,0.7,6.1,0.0,0.0,1.9,6.6,3.1,0.8,0.6,4.3,7
188,Mexico,Guanajuato,ME11,0,6.9,0.0,0.0,1.6,2.1,3.0,0.4,0,0,6.3
189,Mexico,Guerrero,ME12,0.1,7.5,0.0,0.0,2.2,4.2,3.1,0.0,0,1.1,4.1
190,Mexico,Hidalgo,ME13,0.2,7.0,0.0,0.5,2.2,3.1,4.5,0.1,0,1.1,4.4
191,Mexico,Jalisco,ME14,1.2,7.0,0.3,0.0,0.9,3.9,4.2,2.4,0.6,1.8,8.5
192,Mexico,Mexico,ME15,1.5,6.2,0.0,0.0,2.5,2.7,4.5,1.2,0.6,2.6,7.4
193,Mexico,Michoacan,ME16,0,7.3,0.0,0.0,2.0,3.1,1.3,0.0,0,0.9,9.6
194,Mexico,Morelos,ME17,1.3,7.0,0.0,0.0,1.6,0.0,4.4,1.9,0.6,8,5.2
195,Mexico,Nayarit,ME18,1.2,7.2,0.1,0.0,2.4,8.1,3.7,1.6,0.6,4.9,7.8
196,Mexico,Nuevo Leon,ME19,2.6,6.8,0.6,0.0,1.7,6.6,3.2,4.4,1.1,4.4,8.9
197,Mexico,Oaxaca,ME20,0,7.5,0.0,0.0,2.0,5.3,3.6,0.0,0,0,7
198,Mexico,Puebla,ME21,0.2,7.3,0.0,0.0,0.9,2.9,3.9,0.0,0,1,5.9
199,Mexico,Queretaro,ME22,1.4,5.5,0.3,0.3,1.1,0.0,4.7,1.1,0.6,4.6,8.5
200,Mexico,Quintana Roo,ME23,1.7,7.6,0.3,0.0,1.8,9.3,2.7,3.1,0,9.6,10
201,Mexico,San Luis Potosi,ME24,0.7,7.2,0.0,0.0,2.2,6.1,3.9,0.3,0.6,0,5.9
202,Mexico,Sinaloa,ME25,2.4,6.5,0.2,0.0,2.0,7.3,3.5,1.9,0.6,0,10
203,Mexico,Sonora,ME26,2.1,7.6,0.5,0.0,0.2,8.0,2.6,3.0,0.6,0,10
204,Mexico,Tabasco,ME27,1.3,5.7,0.0,0.0,1.0,7.0,5.8,0.5,0,6.6,6.3
205,Mexico,Tamaulipas,ME28,1.8,6.8,0.2,0.0,1.3,7.4,2.8,1.8,0.6,0,10
206,Mexico,Tlaxcala,ME29,0.7,6.7,0.0,0.0,2.1,4.7,4.0,0.0,0,3.6,8.5
207,Mexico,Veracruz,ME30,0.4,6.3,0.0,0.0,0.8,4.9,4.8,0.0,0,2.8,5.6
208,Mexico,Yucatan,ME31,0.9,8.1,0.1,6.7,1.0,9.3,7.3,0.7,0,8.9,10
209,Mexico,Zacatecas,ME32,0,6.2,0.0,0.0,1.9,7.2,3.5,0.1,0.6,8,4.4
210,Netherlands,Groningen,NL11,7.2,6.7,3.2,10.0,6.0,5.4,6.8,9.7,6.7,10,9.3
211,Netherlands,Friesland,NL12,6.6,7.7,3.5,10.0,6.8,5.9,7.2,10.0,6.7,8.3,9.3
212,Netherlands,Drenthe,NL13,6.8,7.8,3.5,10.0,7.1,6.0,7.1,10.0,6.7,10,8.9
213,Netherlands,Overijssel,NL21,7,8.0,3.5,8.6,7.0,4.7,7.0,10.0,6.1,9.8,8.9
214,Netherlands,Gelderland,NL22,7,8.1,3.9,8.6,7.4,2.8,7.2,10.0,6.1,8.5,8.9
215,Netherlands,Flevoland,NL23,7,6.4,3.8,8.6,7.1,3.7,6.0,9.4,6.1,9.9,7.4
216,Netherlands,Utrecht,NL31,7.7,8.4,4.6,9.8,7.9,4.8,7.5,10.0,6.1,8.2,8.9
217,Netherlands,North Holland,NL32,7.5,8.2,4.3,9.8,7.2,3.6,6.6,10.0,6.1,8.3,8.9
218,Netherlands,South Holland,NL33,6.9,7.4,4.2,9.8,7.4,3.9,6.3,10.0,6.1,9,8.9
219,Netherlands,Zeeland,NL34,6.3,8.7,3.8,9.8,7.7,1.3,6.8,10.0,6.1,7.5,10
220,Netherlands,North Brabant,NL41,6.8,8.1,4.0,9.7,7.5,3.2,6.1,9.9,6.7,9.1,8.9
221,Netherlands,Limburg,NL42,6.6,7.4,4.0,9.7,7.0,2.5,5.7,10.0,6.7,8,8.1
222,New Zealand,Northland Region,NZ011,5.1,7.6,2.6,8.8,5.6,10.0,6.4,5.1,7.8,8.4,8.9
223,New Zealand,Auckland Region,NZ012,7.4,8.1,3.9,8.6,9.0,9.5,6.4,8.0,6.1,8.7,7.8
224,New Zealand,Waikato Region,NZ013,6,8.6,3.1,9.3,6.9,10.0,6.4,6.7,7.8,9.8,7.8
225,New Zealand,Bay of Plenty Region,NZ014,6.2,8.7,2.6,9.7,7.1,9.9,6.4,6.4,7.8,9.3,8.1
226,New Zealand,Gisborne Region,NZ015,5.6,8.0,3.0,7.2,2.0,10.0,6.4,6.2,7.2,9.8,8.5
227,New Zealand,Hawke's Bay Region,NZ016,5.6,8.0,3.0,10.0,5.9,10.0,6.4,6.2,7.8,8.5,8.5
228,New Zealand,Taranaki Region,NZ017,5.8,9.4,3.8,9.3,4.8,10.0,6.4,6.4,8.3,10,8.1
229,New Zealand,Manawatu-Wanganui Region,NZ018,5.5,7.5,3.0,10.0,5.4,10.0,6.4,5.9,8.3,9.2,7.4
230,New Zealand,Wellington Region,NZ019,7.5,9.2,4.7,9.8,7.1,10.0,6.4,8.0,7.2,8.6,7.4
231,New Zealand,Tasman-Nelson-Marlborough,NZ021,6.6,9.6,3.3,10.0,6.3,10.0,6.9,7.2,7.8,9.3,8.5
232,New Zealand,West Coast Region,NZ022,6.6,9.6,3.3,10.0,3.2,10.0,6.9,7.2,6.7,8.7,9.3
233,New Zealand,Canterbury Region,NZ023,6.5,10.0,4.3,9.3,6.9,9.7,6.9,7.2,7.8,9.8,7.8
234,New Zealand,Otago Region,NZ024,7.3,9.8,3.8,8.4,5.8,10.0,6.9,7.0,6.7,9.4,9.6
235,New Zealand,Southland Region,NZ025,5.9,9.9,3.7,10.0,4.5,10.0,6.9,7.4,7.8,9.9,8.5
236,Norway,Oslo and Akershus,NO01,8.6,9.6,5.9,9.5,8.3,8.0,8.1,10.0,5,8.8,9.3
237,Norway,Hedmark and Oppland,NO02,7.9,9.2,4.9,10.0,6.5,8.9,7.0,7.5,6.7,8.8,8.5
238,Norway,South-Eastern Norway,NO03,7.7,8.8,5.1,9.1,6.9,8.3,7.2,9.1,6.7,9.3,9.3
239,Norway,Agder and Rogaland,NO04,8,9.5,5.4,10.0,7.6,8.6,7.4,8.6,6.1,8.2,9.3
240,Norway,Western Norway,NO05,8.3,9.5,5.3,8.3,8.3,8.9,7.6,9.0,6.1,8.7,8.9
241,Norway,Trøndelag,NO06,8.4,9.3,5.1,10.0,7.9,9.8,7.5,8.4,6.1,9.8,9.6
242,Norway,Northern Norway,NO07,7.6,9.1,5.1,9.1,6.8,9.5,6.5,9.4,6.7,7.4,8.9
243,Poland,Lódzkie,PL11,9.6,7.5,2.4,6.9,0.2,1.6,1.1,5.9,0.6,7.2,2.6
244,Poland,Mazowieckie,PL12,10,7.5,3.0,7.6,3.0,2.7,2.8,7.3,1.1,7.6,3
245,Poland,Malopolskie,PL21,10,5.0,2.2,8.6,3.9,1.1,1.9,6.8,0,7.9,2.6
246,Poland,Slaskie,PL22,10,5.2,2.8,7.6,1.2,1.7,1.3,6.3,0.6,7,2.6
247,Poland,Lubelskie,PL31,9.6,6.2,2.0,7.1,2.2,2.9,0.5,6.6,0.6,8.8,2.2
248,Poland,Podkarpackie,PL32,9.8,3.3,1.7,9.7,4.1,2.8,0.8,7.1,0,8.8,1.1
249,Poland,Swietokrzyskie,PL33,9.5,5.8,2.0,6.9,2.1,3.7,0.0,6.0,0,7.2,1.1
250,Poland,Podlaskie,PL34,9.4,5.1,1.9,8.8,3.3,4.0,0.1,6.6,1.1,8.1,2.6
251,Poland,Wielkopolskie,PL41,10,5.0,2.6,8.8,2.1,2.8,0.8,7.2,0.6,8,3.3
252,Poland,Zachodniopomorskie,PL42,9.5,3.8,2.3,7.1,1.8,4.5,0.0,6.0,0.6,8.4,5.6
253,Poland,Lubuskie,PL43,9.8,5.1,2.1,6.0,1.2,2.8,0.0,5.6,0.6,6.3,3
254,Poland,Dolnoslaskie,PL51,10,4.5,2.5,7.2,2.0,3.6,0.6,6.8,1.1,6,3.3
255,Poland,Opolskie,PL52,9.9,4.9,2.1,9.1,2.4,1.2,0.0,6.7,1.1,6.5,2.6
256,Poland,Kujawsko-Pomorskie,PL61,9.7,4.1,2.1,8.1,1.9,3.3,0.0,6.5,0,8.1,3
257,Poland,Warminsko-Mazurskie,PL62,9.1,4.1,2.0,8.3,1.2,4.8,0.0,5.7,0,7.9,3.3
258,Poland,Pomorskie,PL63,9.8,5.1,2.4,7.8,3.3,5.5,1.2,7.8,0.6,6.6,3.7
259,Portugal,North (PT),PT11,1.6,4.5,2.9,9.5,7.2,6.7,2.6,5.2,5.6,5.6,0.7
260,Portugal,Algarve,PT15,2.5,5.3,3.6,5.9,6.5,7.3,1.1,5.7,5.6,4.6,0.4
261,Portugal,Central Portugal,PT16,1.6,6.7,3.2,7.6,6.9,7.3,2.0,4.6,6.7,6,0
262,Portugal,Lisbon,PT17,4.5,4.8,4.7,8.4,7.5,7.1,3.1,6.8,5.6,6.3,1.1
263,Portugal,Alentejo,PT18,1.8,5.0,3.3,8.8,5.9,7.6,2.7,4.1,6.1,3.2,1.1
264,Portugal,Azores,PT20,0.1,3.5,3.7,9.5,1.0,9.3,0.0,6.4,5,7.6,1.1
265,Portugal,Madeira,PT30,0.9,4.2,3.5,8.3,3.5,8.3,0.5,6.1,3.9,4.2,0.4
266,Slovak Republic,Bratislava Region,SK01,10,8.0,5.2,7.6,2.8,1.9,1.2,7.7,1.1,6.5,5.2
267,Slovak Republic,West Slovakia,SK02,10,5.5,2.4,8.4,1.1,2.6,0.0,7.4,1.1,6.2,3.7
268,Slovak Republic,Central Slovakia,SK03,9.7,3.6,2.4,8.6,0.7,1.5,0.0,7.1,1.1,7.8,3.3
269,Slovak Republic,East Slovakia,SK04,9.7,3.1,1.8,8.4,0.7,3.4,0.0,7.7,1.1,7.6,3.3
270,Slovenia,Eastern Slovenia,SI01,8.8,5.6,2.9,7.6,5.0,4.4,0.6,7.0,2.8,8,3
271,Slovenia,Western Slovenia,SI02,9.2,6.6,3.2,7.4,7.9,3.3,2.0,7.7,2.8,8.1,4.1
272,Spain,Galicia,ES11,4.2,1.9,3.6,10.0,9.3,7.5,3.5,6.4,6.7,8.2,4.4
273,Spain,Asturias,ES12,5.7,1.7,4.1,9.5,8.7,8.1,4.0,6.8,6.1,9.6,4.4
274,Spain,Cantabria,ES13,5.9,2.6,3.9,9.7,9.8,6.8,5.7,6.8,6.1,10,7
275,Spain,Basque Country,ES21,6.6,3.9,5.4,9.8,10.0,8.5,5.3,7.5,6.7,9.8,6.7
276,Spain,Navarra,ES22,5.9,4.2,5.2,9.8,10.0,5.9,5.7,7.4,6.7,10,7
277,Spain,La Rioja,ES23,5.2,3.6,4.2,10.0,10.0,6.8,6.1,6.4,6.7,3.8,4.1
278,Spain,Aragon,ES24,5.3,2.8,4.4,10.0,9.8,5.6,6.1,6.5,6.7,7.6,5.9
279,Spain,Madrid,ES30,6.8,3.5,4.9,9.8,10.0,6.6,6.5,8.4,5,8.8,4.8
280,Spain,Castile and León,ES41,4.7,2.3,3.9,9.5,10.0,6.9,5.8,6.2,7.2,8.7,4.4
281,Spain,Castile-La Mancha,ES42,3.4,0.6,3.1,9.7,9.9,6.0,6.8,5.9,5.6,9.7,4.4
282,Spain,Extremadura,ES43,2.4,0.2,2.8,9.8,8.3,7.1,6.0,5.4,6.1,9.3,5.9
283,Spain,Catalonia,ES51,4.7,3.0,4.5,9.8,9.8,5.4,5.2,7.4,5,7.9,4.8
284,Spain,Valencia,ES52,4.2,1.1,3.4,9.8,9.1,5.1,6.6,6.5,5.6,8.6,4.4
285,Spain,Balearic Islands,ES53,3.7,3.1,3.9,9.3,9.2,6.7,3.9,7.5,6.1,7.7,6.3
286,Spain,Andalusia,ES61,3,0.0,2.9,9.5,8.0,6.6,5.3,6.5,5,8.5,4.8
287,Spain,Murcia,ES62,3.2,0.9,3.1,10.0,9.0,4.6,5.8,6.8,5,9.5,6.7
288,Spain,Ceuta,ES63,2.8,0.0,3.3,6.7,5.6,5.0,1.8,8.1,1.7,10,4.8
289,Spain,Melilla,ES64,4.7,0.0,2.9,8.8,6.9,4.0,0.6,8.3,2.2,10,3.7
290,Spain,Canary Islands,ES70,3.4,0.3,3.2,9.8,9.0,5.8,3.2,6.7,3.9,8.6,5.2
291,Sweden,Stockholm,SE11,8.6,8.8,5.6,8.8,8.8,7.3,9.2,9.1,3.9,7.9,8.5
292,Sweden,East Middle Sweden,SE12,8.3,7.9,4.4,9.0,7.6,7.8,9.4,9.1,4.4,8.1,8.1
293,Sweden,Småland with Islands,SE21,8,8.7,4.3,10.0,8.1,7.2,9.5,8.7,5.6,8.4,9.3
294,Sweden,South Sweden,SE22,8.3,7.2,4.3,9.5,7.8,6.2,8.9,8.7,4.4,8.5,8.9
295,Sweden,West Sweden,SE23,8.3,8.4,4.6,8.6,7.9,7.7,9.2,9.4,4.4,8.6,8.5
296,Sweden,North Middle Sweden,SE31,8.2,7.7,4.1,9.8,7.3,8.5,9.3,7.7,5,8.9,8.1
297,Sweden,Central Norrland,SE32,8.5,8.4,4.2,10.0,6.5,9.6,9.2,8.6,5,7,8.5
298,Sweden,Upper Norrland,SE33,8.8,8.1,4.2,10.0,6.8,9.1,9.3,8.7,5,7.6,8.5
299,Switzerland,Lake Geneva Region,CH01,8.2,8.1,4.9,9.1,9.6,3.7,0.0,8.7,3.3,9,8.5
300,Switzerland,Espace Mittelland,CH02,8.5,9.7,4.6,9.3,8.6,4.3,0.4,8.1,4.4,9.4,8.9
301,Switzerland,Northwestern Switzerland ,CH03,8.9,9.7,5.4,10.0,9.3,2.3,0.3,9.0,4.4,9.5,8.5
302,Switzerland,Zurich,CH04,8.8,9.8,6.3,10.0,9.2,2.3,0.1,9.9,3.9,8.7,9.6
303,Switzerland,Eastern Switzerland,CH05,8.4,10.0,4.8,10.0,8.8,3.6,0.1,9.0,5,9.6,10
304,Switzerland,Central Switzerland,CH06,8.5,9.9,5.3,9.1,9.4,4.8,1.5,9.0,4.4,9.5,10
305,Switzerland,Ticino,CH07,8.4,7.9,4.5,10.0,9.9,2.2,1.8,7.5,4.4,7.1,8.1
306,Turkey,Istanbul,TR10,2.4,3.3,1.2,7.4,3.2,2.9,9.4,5.5,0,2.2,0
307,Turkey,Thrace,TR21,1.3,5.2,0.9,8.1,2.0,3.2,10.0,5.5,1.1,0,2.6
308,Turkey,Southern Marmara - West,TR22,1.3,5.0,0.7,6.4,2.5,3.9,10.0,2.3,2.2,4.3,1.1
309,Turkey,Izmir,TR31,2.2,3.0,1.0,6.7,3.0,4.3,9.8,4.6,1.1,0.9,0.4
310,Turkey,Southern Aegean,TR32,0,5.2,0.8,6.0,3.9,3.6,10.0,2.0,1.1,2.6,0
311,Turkey,Northern Aegean,TR33,0,6.0,0.7,5.5,2.1,4.4,10.0,1.0,1.1,1.1,1.1
312,Turkey,Eastern Marmara - South ,TR41,2.2,4.6,1.0,7.1,2.4,3.2,10.0,4.3,1.1,3.2,4.4
313,Turkey,Eastern Marmara - North,TR42,1.5,4.3,0.9,7.2,2.7,3.2,10.0,4.2,0.6,4.2,1.1
314,Turkey,Ankara,TR51,4.4,3.2,1.5,7.6,3.5,2.9,10.0,4.3,1.1,4,2.6
315,Turkey,Central Anatolia - West and South,TR52,0,4.7,0.7,6.6,3.8,2.4,9.8,2.2,1.1,2.1,1.9
316,Turkey,Mediterranean region - West,TR61,1.2,5.0,0.9,7.4,3.0,3.1,9.6,3.6,1.1,1.8,1.5
317,Turkey,Mediterranean region - Middle,TR62,1.1,3.2,0.5,5.2,2.1,0.4,9.3,1.6,0,0,1.5
318,Turkey,Mediterranean region - East ,TR63,0,2.1,0.2,6.6,2.3,0.7,9.5,1.9,0,0,0
319,Turkey,Central Anatolia - Middle,TR71,0.3,4.2,0.5,6.9,2.6,2.1,9.2,2.8,1.1,2.3,1.1
320,Turkey,Central Anatolia - East,TR72,1.2,3.5,0.7,8.1,2.4,2.2,9.7,2.2,0,0.3,1.9
321,Turkey,Western Black Sea - West,TR81,0,5.4,0.9,6.6,2.2,5.2,9.9,3.5,1.7,6.5,0.7
322,Turkey,Western Black Sea - Middle and East,TR82,0,5.8,0.7,5.7,2.9,5.1,9.7,1.7,1.1,3.2,3.3
323,Turkey,Middle Black Sea,TR83,0,5.0,0.6,6.2,2.5,4.6,9.8,1.4,0.6,2.2,2.2
324,Turkey,Eastern Black Sea,TR90,0.4,5.5,0.7,7.9,4.2,5.0,8.9,1.4,0.6,5.9,1.1
325,Turkey,Northeastern Anatolia - West,TRA1,0,4.3,0.5,7.9,2.9,2.8,9.4,0.4,0,4.8,1.9
326,Turkey,Northeastern Anatolia - East,TRA2,0,6.2,0.0,4.1,3.0,1.0,7.2,2.3,0,4.9,0.7
327,Turkey,Eastern Anatolia - West,TRB1,1.5,4.0,0.4,6.7,4.6,1.3,9.2,2.3,0,0,1.5
328,Turkey,Eastern Anatolia - East,TRB2,0,2.5,0.0,7.8,2.3,1.0,8.5,0.0,0,0.4,0
329,Turkey,Southeastern Anatolia - West ,TRC1,0,3.8,0.1,5.5,2.1,0.5,8.9,0.9,0,0,0
330,Turkey,Southeastern Anatolia - Middle,TRC2,0,1.6,0.0,5.0,3.9,0.0,8.3,0.0,0,0,0
331,Turkey,Southeastern Anatolia - East,TRC3,0,0.0,0.0,7.4,4.9,0.0,8.7,0.4,0,0,0
332,United Kingdom,North East England,UKC,7.7,6.7,4.2,9.1,5.6,7.4,3.4,8.8,7.2,8.1,5.9
333,United Kingdom,North West England,UKD,7.9,7.3,4.4,9.1,5.6,5.5,4.1,9.0,6.7,9,6.3
334,United Kingdom,Yorkshire and The Humber,UKE,7.6,7.3,4.3,9.0,6.1,6.8,3.9,8.8,6.7,9.6,6.7
335,United Kingdom,East Midlands,UKF,7.7,8.2,4.6,9.1,7.1,7.0,4.7,9.3,6.7,9.3,6.7
336,United Kingdom,West Midlands,UKG,7.3,7.4,4.4,9.1,6.6,6.8,3.9,8.7,6.7,9.4,6.3
337,United Kingdom,East of England,UKH,7.8,8.7,5.4,9.3,8.2,4.5,4.9,9.0,6.7,9.1,6.7
338,United Kingdom,Greater London,UKI,8.8,7.5,6.8,8.6,8.5,5.0,4.4,9.7,5,8.4,5.9
339,United Kingdom,South East England,UKJ,8.4,8.9,5.9,9.5,8.2,5.6,5.1,9.6,6.1,8.7,6.7
340,United Kingdom,South West England,UKK,8.1,8.8,5.2,9.5,7.9,5.7,5.4,9.4,6.7,9.1,7
341,United Kingdom,Wales,UKL,7.8,7.4,4.4,9.7,6.0,6.6,4.5,8.7,7.2,9.3,6.3
342,United Kingdom,Scotland,UKM,8.2,7.9,4.9,8.8,4.7,7.3,5.8,8.6,5.6,9.7,7.4
343,United Kingdom,Northern Ireland (UK),UKN,7.1,7.2,4.0,8.8,6.2,7.7,2.7,8.8,5.6,9.3,7
344,United States,Alabama,US01,9.2,6.3,7.8,0.0,0.6,7.0,3.6,6.3,10,9,8.5
345,United States,Alaska,US02,9.7,6.8,10.0,2.9,4.8,9.4,2.7,8.3,6.7,8.7,6.3
346,United States,Arizona,US04,8.9,6.8,7.8,1.6,6.2,7.8,2.1,7.4,8.3,7.3,6.7
347,United States,Arkansas,US05,9.1,6.7,7.8,1.6,1.3,6.9,1.5,5.9,9.4,7.6,7
348,United States,California,US06,8.5,6.6,10.0,3.1,7.4,7.7,2.5,8.0,5.6,8.5,8.5
349,United States,Colorado,US08,9.5,8.3,9.8,5.0,6.6,7.9,5.6,8.4,8.9,8.7,8.5
350,United States,Connecticut,US09,9.6,7.9,10.0,6.7,7.0,6.9,3.8,8.5,8.9,6.1,6.7
351,United States,Delaware,US10,9.5,7.5,9.5,3.6,4.2,5.8,4.9,7.7,10,9.5,10
352,United States,District of Columbia,US11,10,7.4,10.0,0.0,1.8,4.0,6.9,7.4,8.3,8.8,6.3
353,United States,Florida,US12,9.2,7.6,8.8,2.2,6.2,8.7,3.3,7.7,8.9,8.5,7
354,United States,Georgia,US13,9.1,6.5,7.9,1.2,3.1,6.4,3.6,7.4,8.9,7.5,7
355,United States,Hawaii,US15,10,7.7,9.7,8.3,7.7,9.6,1.1,8.4,5,10,9.3
356,United States,Idaho,US16,9.3,7.9,7.7,7.9,5.3,8.3,4.0,7.8,8.9,4.6,6.3
357,United States,Illinois,US17,9.4,7.4,9.8,1.4,5.1,5.5,3.5,7.9,8.3,8.7,6.7
358,United States,Indiana,US18,9.3,7.6,8.1,1.6,3.0,6.1,3.0,7.3,9.4,7.7,7
359,United States,Iowa,US19,9.7,9.5,9.6,8.4,5.4,5.9,5.4,7.8,10,8.9,8.9
360,United States,Kansas,US20,9.4,8.8,9.4,4.1,4.5,6.7,3.9,7.8,9.4,9.5,8.5
361,United States,Kentucky,US21,9.3,6.6,7.6,4.3,1.3,6.8,3.0,7.2,9.4,7.6,7.4
362,United States,Louisiana,US22,9,6.8,8.8,0.0,1.1,8.4,4.6,6.6,8.3,7.4,8.5
363,United States,Maine,US23,10,8.3,8.7,7.8,4.3,8.1,5.2,7.9,10,7.7,6.3
364,United States,Maryland,US24,9.6,7.9,10.0,0.0,5.1,5.0,4.3,8.5,9.4,9.5,8.5
365,United States,Massachusetts,US25,9.7,8.0,10.0,7.4,6.7,7.7,5.7,8.7,8.9,9.3,7
366,United States,Michigan,US26,9.7,6.9,8.1,0.0,3.9,6.8,4.7,7.4,10,10,6.7
367,United States,Minnesota,US27,9.8,9.3,9.9,7.2,7.1,5.8,6.3,8.3,10,8.7,8.5
368,United States,Mississippi,US28,9,5.4,7.2,0.0,0.0,7.8,6.6,5.4,8.9,9.6,8.1
369,United States,Missouri,US29,9.6,7.7,8.6,0.3,3.2,6.7,4.0,7.3,10,5.8,7.8
370,United States,Montana,US30,9.7,8.6,8.3,7.1,3.1,8.6,4.5,7.6,10,9.8,5.6
371,United States,Nebraska,US31,9.5,9.8,10.0,5.7,5.7,6.4,3.5,7.8,10,6,10
372,United States,Nevada,US32,8.7,6.8,8.3,0.9,4.1,8.3,2.6,7.9,7.8,8.1,6.3
373,United States,New Hampshire,US33,9.9,9.2,10.0,7.9,5.1,8.0,5.4,8.8,10,10,6.7
374,United States,New Jersey,US34,9.5,7.5,10.0,3.1,6.4,5.5,3.6,8.6,8.3,6.8,7.4
375,United States,New Mexico,US35,8.9,6.3,7.7,0.5,4.9,8.4,3.5,6.2,8.3,8.2,7.4
376,United States,New York,US36,9.2,7.0,10.0,5.2,6.9,5.4,2.8,8.1,7.2,8.4,7.4
377,United States,North Carolina,US37,9.2,6.9,8.1,2.6,3.7,7.3,5.2,7.3,9.4,7.7,8.5
378,United States,North Dakota,US38,9.9,10.0,10.0,7.1,4.3,7.2,4.0,7.9,10,6.4,10
379,United States,Ohio,US39,9.6,7.7,8.6,4.1,3.3,5.7,3.9,7.6,10,9.8,6.3
380,United States,Oklahoma,US40,9.1,7.5,8.9,2.1,1.1,7.3,1.3,6.7,8.9,7.8,7
381,United States,Oregon,US41,9.3,7.1,8.3,7.4,5.4,9.2,4.9,8.3,8.3,7.4,7
382,United States,Pennsylvania,US42,9.7,7.8,9.8,2.9,4.4,5.5,3.5,7.8,10,8.7,7
383,United States,Rhode Island,US44,9.3,7.3,10.0,5.9,4.5,8.0,3.7,8.4,8.9,9.9,8.9
384,United States,South Carolina,US45,9.2,6.7,7.6,0.2,2.6,8.0,4.2,6.8,10,5.2,9.6
385,United States,South Dakota,US46,9.5,9.5,10.0,6.7,5.4,7.0,3.4,7.4,10,9.9,7.4
386,United States,Tennessee,US47,9.4,6.7,8.6,2.2,1.7,6.9,2.1,6.8,9.4,8.8,8.5
387,United States,Texas,US48,8.5,7.6,9.4,3.4,4.5,7.7,1.6,7.2,7.2,6.9,8.1
388,United States,Utah,US49,9.5,8.4,7.7,7.9,6.0,9.1,2.4,8.5,7.2,9,7.4
389,United States,Vermont,US50,9.7,9.3,9.8,8.1,4.9,7.4,3.9,8.1,10,9.4,10
390,United States,Virginia,US51,9.6,8.0,10.0,4.3,5.1,5.9,4.8,8.1,9.4,7.7,8.5
391,United States,Washington,US53,9.5,7.3,10.0,6.9,6.1,8.8,4.4,8.4,8.3,8.9,7.8
392,United States,West Virginia,US54,9.5,6.2,7.5,5.2,0.7,6.5,0.2,6.8,10,8,6.3
393,United States,Wisconsin,US55,9.7,8.6,9.1,6.0,5.7,6.1,6.3,7.8,10,8.3,7.8
394,United States,Wyoming,US56,9.8,8.8,10.0,5.9,3.4,8.1,2.9,8.0,10,10,10
